{"ny":49,"nx1":7,"nx2":7,"op":"atan2","p":[[3,3],[3,2],[3,1],[3,4],[3,5],[3,6],[3,7],[2,3],[2,2],[2,1],[2,4],[2,5],[2,6],[2,7],[1,3],[1,2],[1,1],[1,4],[1,5],[1,6],[1,7],[4,3],[4,2],[4,1],[4,4],[4,5],[4,6],[4,7],[5,3],[5,2],[5,1],[5,4],[5,5],[5,6],[5,7],[6,3],[6,2],[6,1],[6,4],[6,5],[6,6],[6,7],[7,3],[7,2],[7,1],[7,4],[7,5],[7,6],[7,7]],"b":[1,2,3,4,5,6,7,8,9,10,11,12,13,14,15,16,17,18,19,20,21,22,23,24,25,26,27,28,29,30,31,32,33,34,35,36,37,38,39,40,41,42,43,44,45,46,47,48,49],"eqgroups":[3,4,5,24,21,20,19,2,3,4,24,22,21,20,1,2,3,24,23,22,21,6,6,6,12,18,18,18,9,8,7,12,15,16,17,10,9,8,12,14,15,16,11,10,9,12,13,14,15],"commutative":false,"samex":false,"x1":[-2,-1,-0.5,0,0.5,1,2],"x2":[-2,-1,-0.5,0,0.5,1,2],"Lx1":[0,1,2,3,4,5,6],"Lx2":[0,7,14,21,28,35,42],"Ly":[0,7,14,21,28,35,42,1,8,15,22,29,36,43,2,9,16,23,30,37,44,3,10,17,24,31,38,45,4,11,18,25,32,39,46,5,12,19,26,33,40,47,6,13,20,27,34,41,48],"y":[-2.3561944901923448,-2.677945044588987,-2.8966139904629289,-1.5707963267948966,-0.78539816339744828,-0.46364760900080609,-0.24497866312686414,-2.0344439357957027,-2.3561944901923448,-2.677945044588987,-1.5707963267948966,-1.1071487177940904,-0.78539816339744828,-0.46364760900080609,-1.8157749899217608,-2.0344439357957027,-2.3561944901923448,-1.5707963267948966,-1.3258176636680326,-1.1071487177940904,-0.78539816339744828,3.1415926535897931,3.1415926535897931,3.1415926535897931,0,0,0,0,2.3561944901923448,2.677945044588987,2.8966139904629289,1.5707963267948966,0.78539816339744828,0.46364760900080609,0.24497866312686414,2.0344439357957027,2.3561944901923448,2.677945044588987,1.5707963267948966,1.1071487177940904,0.78539816339744828,0.46364760900080609,1.8157749899217608,2.0344439357957027,2.3561944901923448,1.5707963267948966,1.3258176636680326,1.1071487177940904,0.78539816339744828],"negative":false,"app":"solve.py","minint":0,"mono":false,"hasidentity":1,"name":"atan2","full":1,"type":"omgproblem","firstsol":false,"timelimit":240,"xpolicy":"distinct","ypolicy":"none","target":"sum","fx":[]}