{"ny":16,"nx1":4,"nx2":4,"op":"atan2","p":[[1,1],[1,2],[1,3],[1,4],[2,1],[2,2],[2,3],[2,4],[3,1],[3,2],[3,3],[3,4],[4,1],[4,2],[4,3],[4,4]],"b":[1,2,3,4,5,6,7,8,9,10,11,12,13,14,15,16],"eqgroups":[1,7,7,7,1,4,5,6,1,3,4,5,1,2,3,4],"commutative":false,"samex":false,"x1":[0,0.5,1,2],"x2":[0,0.5,1,2],"Lx1":[0,1,2,3],"Lx2":[0,4,8,12],"Ly":[0,4,8,12,1,5,9,13,2,6,10,14,3,7,11,15],"y":[0,0,0,0,1.5707963267948966,0.78539816339744828,0.46364760900080609,0.24497866312686414,1.5707963267948966,1.1071487177940904,0.78539816339744828,0.46364760900080609,1.5707963267948966,1.3258176636680326,1.1071487177940904,0.78539816339744828],"negative":false,"app":"solve.py","minint":0,"mono":false,"hasidentity":1,"name":"atan2","full":1,"type":"omgproblem","firstsol":false,"timelimit":240,"xpolicy":"distinct","ypolicy":"none","target":"sum","fx":[]}