{"ny":16,"nx1":4,"nx2":4,"op":"^","p":[[1,1],[1,2],[1,3],[1,4],[2,1],[2,2],[2,3],[2,4],[3,1],[3,2],[3,3],[3,4],[4,1],[4,2],[4,3],[4,4]],"b":[1,2,3,4,5,6,7,8,9,10,11,12,13,14,15,16],"eqgroups":[5,5,5,5,1,4,5,6,1,3,5,7,1,2,5,8],"commutative":false,"samex":false,"x1":[0,0.5,1,2],"x2":[0,0.5,1,2],"Lx1":[0,1,2,3],"Lx2":[0,4,8,12],"Ly":[0,4,8,12,1,5,9,13,2,6,10,14,3,7,11,15],"y":[1,0,0,0,1,0.70710678118654757,0.5,0.25,1,1,1,1,1,1.4142135623730951,2,4],"negative":false,"app":"solve.py","minint":0,"mono":false,"hasidentity":1,"name":"exp","full":1,"type":"omgproblem","firstsol":false,"timelimit":240,"xpolicy":"distinct","ypolicy":"none","target":"sum","fx":[]}